Station,Station ID,Station Name,Rail Lines Served,State Designated TOD,Jurisdiction,TOD Place Type,Area Population (2010),Station Type,Transit Score,Station Facility Score,Parking Score,Bike Access Score,Ped Access Score,TOD Zoning Score,Development Market,Total Rail Lines,Modes Served,Transit Connections,Connecting Bus Routes,Connecting Bus Routes (Text),Weekday Ridership: MARC Penn,Weekday Ridership: MARC Camden,Weekday Ridership: MARC Brunswick,Weekday Ridership: Metro,Weekday Ridership: Light Rail,Weekday_ridership,Weekend Ridership: MARC Penn,Weekend Ridership: MARC Camden,Weekend Ridership: MARC Brunswick,Weekend Ridership: Metro,Weekend Ridership: Light Rail,,Frequency of Service Weekday: MARC Penn,Frequency of Service Weekday: MARC Camden,Frequency of Service Weekday: MARC Brunswick,Frequency of Service Weekday: Metro,Frequency of Service Weekday: Light Rail,Frequency_of_Service_Weekday_All,Frequency of Service Weekend: MARC Penn,Frequency of Service Weekend: MARC Camden,Frequency of Service Weekend: MARC Brunswick,Frequency of Service Weekend: Metro,Frequency of Service Weekend: Light Rail,Track Crossing,Schedule Information,Route Information,Ticket Booth/Machine,Shelter,Benches,Public Restrooms,Public Phones,Parking Spots Regular,Parking Fee,Parking Spots ADA,EVC Charge Stations,EVC Charge Stations Occupied,Vehicles Parked (2010),Vehicles Parked (2014),Utilization Rate (2014) ,Spaces relative to number of Average Daily Riders (Weekday) Total lines,Spaces relative to number of Average Daily Riders (Weekend) Total lines,Spaces relative to other stations on the same line,Intersection Density (1 Mile Diameter),Short Trip Opportunity Analysis (1 Mile Buffer),Number of Bicycle Racks,Type of Bicycle Racks,Number of Bicycle Lockers,Number of Bicycle Lockers Occupied,Locally Designated TOD,Zoning Summary,Local Zoning Descriptions,Area Master plans,Residential Alterations (units),Residentail Alterations (permits),Residential New Construction (permits),Residential New Construction (units),Non Residential Alterations (permits),Non Residentail New Contruction (permits),Mixed-Use New Construction (permits),Mixed-Use New Construction (units),Count of MD Property View Parcels,Cumulative Composite Score (YEARBLT score x SQFTSTRC score),Location
Union Station,1,Union Station,,,,,,,,,,,,,,,,,,,,,,,,,,,,,,,,,,,,,,,,,,,,,,,,,,,,,,,,,,,,,,,,,,,,,,,,,,,,,,,,,"(38.897595, -77.028886)"
Penn Station,2,Penn Station,MARC: Penn Line; Light Rail; Amtrak,Yes,Baltimore City,Downtown,604827,Urban Neighborhood,3,5,5,5,5,5,5,3,5,Local Bus; Amtrak,"003, 011, 061, 064","3, 11, 61, 64",3712.92,,,,291.46,291.46,,,,,,,29,,,,38,38,9,,,,36,Grade Separated,Yes,Yes,Yes,Yes,Yes,Yes,Yes,0,Yes,0,0,0,494,,0%,0,,0,327.275,7,7,3 Campus; 4 Covered Vertical,0,,Yes,TOD-4 proposed zoning,,,177,280,59,421,261,10,1,280,,,"(39.307533, -76.616021)"
Camden Station,3,Camden Station,MARC: Camden Line; Light Rail,No,Baltimore City,Downtown,549217,Walk-up,2,1,3,3,5,5,5,3,5,Local Bus; Express Bus; Commuter Bus,"007, 019, 035, 120,160,320,410,411,420","7, 19, 35, 120, 160, 320, 410, 411, 420",,389.17,,,630.44,630.44,,,,,,,,9,,,,9,,,,,108,On Grade,No,Yes,Yes,Yes,Yes,No,No,28,Yes,0,0,0,0,,,0.03,,0.213370281,264.876,10,5,2 Covered Vertical; 2 Inverted U; 1 Wave,0,,No,C-5 Downtown District,,,129,146,16,649,0,20,0,0,,,"(39.283762, -76.619955)"
Owings Mills,4,Owings Mills,Metro,Yes,Baltimore County,"Town, Suburban, or Employment Center",175524,Anchor,5,3,1,5,2,4,3,1,2,Local Bus,"056, 059","56, 59",,,,3643.95,,3643.95,,,,1383,,,,,,116,,116,,,,70,,Grade Separated,No,Yes,Yes,Yes,Yes,Yes,Yes,2883,No,95,0,0,2232,381,17%,0.64,1.92,6.978,21.6486,3,0,N/A,10,3,Yes,BM-CT Town Center Zoning,http://www.baltimorecountymd.gov/Agencies/planning/zoning/classifications.html,Master Plans\Baltimore Metro\Owings Mills\owingmills1995.pdf,0,1,0,0,0,8,2,232,,,"(39.407674, -76.781407)"
Old Court,5,Old Court,Metro,No,Baltimore County,"Town, Suburban, or Employment Center",275633,Anchor,5,3,3,1,3,1,1,1,2,Local Bus,"018, 053, 077, 099","18, 53, 77, 99",,,,1183.05,,1183.05,,,,478.75,,,,,,116,,116,,,,70,,Grade Separated,Yes,Yes,Yes,Yes,Yes,No,Yes,540,No,25,0,0,411,362,88%,0.36,0.98,1.307,57.305,5,2,2 Inverted U,8,0,No,DR 5.5 - Med density residential,http://www.baltimorecountymd.gov/Agencies/planning/zoning/classifications.html,,0,11,1,1,0,0,0,0,,,"(39.371833, -76.74446)"
Milford Mill,6,Milford Mill,Metro,No,Baltimore County,"Town, Suburban, or Employment Center",319823,Anchor,5,3,5,2,4,1,1,1,2,Local Bus,54,54,,,,1433.36,,1433.36,,,,583.25,,,,,,116,,116,,,,70,,Grade Separated,Yes,Yes,Yes,Yes,Yes,No,Yes,1000,No,44,0,0,677,535,79%,0.55,1.39,2.42,86.5942,6,2,2 Inverted U,10,0,Yes,DR 5.5 - Med density residential,http://www.baltimorecountymd.gov/Agencies/planning/zoning/classifications.html,Master Plans\Baltimore Metro\Milford Mill\pikesvillerevitalizationplan2003.pdf,0,11,8,8,0,1,0,0,,,"(39.359546, -76.721415)"
Resisterstown Plaza,7,Resisterstown Plaza,Metro,Yes,Baltimore City,Urban Neighborhood,400814,Neighborhood,5,2,2,4,4,5,3,1,2,Local Bus,"027, 058, 059, 060","27, 58, 59, 60",,,,1878.82,,1878.82,,,,784.25,,,,,,117,,117,,,,71,,Grade Separated,No,Yes,Yes,Yes,Yes,No,Yes,675,No,22,0,0,258,403,156%,0.27,0.68,1.634,99.3286,6,2,2 Inverted U,10,0,No,I-2 TOD-3 & TOD-4 small area,http://cityview.baltimorecity.gov,Master Plans\Baltimore Metro\Reisterstown\Reisterstown Plaza URP1981.pdf,0,7,23,23,0,12,0,0,,,"(39.352452, -76.705896)"
Rogers Avenue,8,Rogers Avenue,Metro,No,Baltimore City,Urban Neighborhood,470630,Neighborhood,5,3,5,4,4,5,2,1,2,Local Bus,"027, 033, 044, 051, 057, 091","27, 33, 44, 51, 57, 91",,,,2433.45,,2433.45,,,,1117.25,,,,,,117,,117,,,,71,,Grade Separated,Yes,Yes,Yes,Yes,Yes,No,Yes,318,No,19,0,0,266,238,90%,0.11,0.24,0.77,191.017,6,2,2 Inverted U,10,0,Yes,I-2 TOD-2 Transit Oriented Development,http://cityview.baltimorecity.gov/,,0,11,6,62,0,3,0,0,,,"(39.344458, -76.693504)"
West Cold Spring,9,West Cold Spring,Metro,No,Baltimore City,Urban Neighborhood,546561,Neighborhood,5,3,1,3,4,5,2,1,3,Local Bus; Neighborhood Shuttle,"033, 051","33, 51",,,,1487.14,,1487.14,,,,738.25,,,,,,117,,117,,,,71,,Grade Separated,Yes,Yes,Yes,Yes,Yes,No,Yes,235,No,12,0,0,137,142,104%,0.12,0.25,0.569,217.759,7,2,2 Inverted U,10,0,No,I-2 TOD-2 Transit Oriented Development,http://cityview.baltimorecity.gov/,,0,6,2,2,0,9,0,0,,,"(39.337018, -76.673413)"
Mondawmin,10,Mondawmin,Metro,No,Baltimore City,Urban Neighborhood,622731,Neighborhood,5,3,3,4,4,5,3,1,3,Local Bus; Neighborhood Shuttle,"001, 005, 007, 016, 021, 022, 051, 052, 053, 054","1, 5, 7, 16, 21, 22, 51, 52, 53, 54",,,,3001,,3001,,,,1412.25,,,,,,117,,117,,,,71,,Below Grade,Yes,Yes,Yes,Yes,Yes,No,Yes,133,No,6,0,0,133,138,104%,0.02,0.04,0.322,196.11,6,0,N/A,10,0,Yes,TOD-2 Transit Oriented Development,http://cityview.baltimorecity.gov/,,0,19,3,85,0,12,0,0,,,"(39.318273, -76.65279)"
Penn North,11,Penn North,Metro,No,Baltimore City,Urban Neighborhood,623771,Neighborhood,5,3,4,3,5,5,4,1,2,Local Bus,"007, 013, 021, 091","7, 13, 21, 91",,,,2444.95,,2444.95,,,,1220,,,,,,117,,117,,,,71,,Below Grade,Yes,Yes,Yes,Yes,Yes,No,Yes,0,No,0,0,0,0,,,0,0,0,342.556,8,0,N/A,0,,No,TOD-1 Transit Oriented Development,http://cityview.baltimorecity.gov/,,3,249,5,265,0,4,0,0,,,"(39.309933, -76.642858)"
Upton,12,Upton,Metro,No,Baltimore City,Urban Neighborhood,608105,Neighborhood,5,1,3,4,5,5,4,1,2,Local Bus,7,7,,,,1708.91,,1708.91,,,,902.25,,,,,,117,,117,,,,71,,Below Grade,No,Yes,Yes,No,No,No,Yes,0,No,0,0,0,0,,,0,0,0,352.744,8,0,N/A,0,,Yes,OS Open Space,http://cityview.baltimorecity.gov/,,10,225,7,346,0,4,0,0,,,"(39.304782, -76.63686)"
State Center,13,State Center,Metro,Yes,Baltimore City,Downtown,598132,Walk-up,5,1,1,4,5,5,5,1,3,Local Bus; Commuter Bus,"019, 021, 027, 091, 410","19, 21, 27, 91, 410",,,,1645.86,,1645.86,,,,532.5,,,,,,117,,117,,,,71,,Below Grade,Yes,Yes,Yes,No,No,No,Yes,0,No,0,0,0,0,,,0,0,0,342.556,11,0,N/A,0,,No,R-10 Multifamily,http://cityview.baltimorecity.gov/,Master Plans\Baltimore Metro\State Center\State_CenterTODDevelopmentStrategy2005.pdf,527,228,16,581,291,8,1,280,,,"(39.301358, -76.62346)"
Lexington Market,14,Lexington Market,Metro,No,Baltimore City,Downtown,575933,Walk-up,5,1,1,4,5,5,4,1,5,Local Bus; Express Bus; Quick Bus; Commuter Bus,"001, 005, 007, 008, 015, 019, 020, 023, 027, 035, 036, 040, 047, 091, 150, 320","1, 5, 7, 8, 15, 19, 20, 23, 27, 35, 36, 40, 47, 91, 150, 320",,,,5523.86,,5523.86,,,,2098.25,,,,,,117,,117,,,,71,,Below Grade,No,Yes,Yes,Yes,No,No,Yes,0,No,0,0,0,0,,,0,0,0,371.846,9,0,N/A,0,,Yes,C-5 Downtown Commercial,http://cityview.baltimorecity.gov/,,1432,131,16,725,0,33,0,0,,,"(39.292102, -76.621411)"
Charles Center,15,Charles Center,Metro,No,Baltimore City,Downtown,566012,Walk-up,5,1,1,3,5,5,4,1,5,Local Bus; Express Bus; Quick Bus; Commuter Bus,"001, 003, 005, 008, 010, 011, 020, 023, 030, 035, 036, 040, 046, 048, 061, 064, 091, 120, 150, 160, 310, 320, 410, 411, 420","1, 3, 5, 8, 10, 11, 20, 23, 30, 35, 36, 40, 46, 48, 61, 64, 91, 120, 150, 160, 310, 320, 410, 411, 420",,,,4744.09,,4744.09,,,,1771,,,,,,117,,117,,,,71,,Below Grade,Yes,Yes,Yes,No,No,No,Yes,0,No,0,0,0,0,,,0,0,0,318.361,10,0,N/A,0,,No,C-5 Downtown Commercial,http://cityview.baltimorecity.gov/,,1729,104,6,636,0,41,0,0,,,"(39.289569, -76.61337)"
Shot Tower,16,Shot Tower,Metro,No,Baltimore City,Downtown,561369,Walk-up,5,2,1,4,5,5,5,1,3,Local Bus; Quick Bus,"020, 023, 040","20, 23, 40",,,,1791.82,,1791.82,,,,897.75,,,,,,117,,117,,,,71,,Below Grade,Yes,Yes,Yes,Yes,Yes,No,No,0,No,0,0,0,0,,,0,0,0,332.369,11,0,N/A,0,,Yes,C-5 Downtown Commercial,http://cityview.baltimorecity.gov/,,947,71,174,345,0,39,0,0,,,"(39.289777, -76.606282)"
Johns Hopkins Hospital,17,Johns Hopkins Hospital,Metro,No,Baltimore City,Downtown,574352,Walk-up,5,2,2,3,5,5,5,1,5,Local Bus; Express Bus; Quick Bus; Commuter Bus,"005, 030, 035, 046, 047, 104, 120, 160, 310, 320, 411, 420","5, 30, 35, 46, 47, 104, 120, 160, 310, 320, 411, 420",,,,3357.95,,3357.95,,,,1157.5,,,,,,117,,117,,,,71,,Below Grade,Yes,Yes,Yes,Yes,No,No,Yes,0,No,0,0,0,0,,,0,0,0,297.986,10,0,N/A,0,,No,H - Hospital,http://cityview.baltimorecity.gov/,,1,271,110,441,0,35,1,292,,,"(39.29582, -76.594475)"
BWI Airport,18,BWI Airport,Light Rail,No,Anne Arundel County,"Town, Suburban, or Employment Center",202689,Regional,4,3,4,2,1,1,1,1,3,Local Bus; Commuter Bus,"017, 099, 201","17, 99, 201",,,,,1016.94,1016.94,,,,,,,,,,,45,45,,,,,36,Grade Separated,Yes,Yes,No,Yes,Yes,Yes,Yes,0,No,0,0,0,0,,,0,,0,0,3,1,1 Campus,0,,Yes,R1 - Residnetial 1 dwelling per acre,http://www.aacounty.org/PlanZone/Zoning/ZoningClassifications.cfm#.VCLVo5RdWX0,,0,0,0,0,0,0,0,0,,,"(39.181527, -76.669016)"
BWI Business District,19,BWI Business District,Light Rail,No,Anne Arundel County,"Town, Suburban, or Employment Center",208356,Anchor,4,2,1,1,1,2,1,1,2,Local Bus,"017, 099","17, 99",,,,,209.09,209.09,,,,,,,,,,,45,45,,,,,36,On Grade & Separated Right-of-Way,Yes,Yes,Yes,Yes,Yes,No,No,30,No,4,0,0,22,30,138%,0.13,,0.306311881,19.1017,2,0,N/A,10,2,No,W1 - Industrial Park,http://www.aacounty.org/PlanZone/Zoning/ZoningClassifications.cfm#.VCLVo5RdWX0,,0,4,6,6,0,1,0,0,,,"(39.190674, -76.676178)"
Cromwell Station/Glen Burnie,20,Cromwell Station/Glen Burnie,Light Rail,No,Anne Arundel County,"Town, Suburban, or Employment Center",188867,Anchor,4,3,3,3,4,2,2,1,2,Local Bus,14,14,,,,,1102.48,1102.48,,,,,,,,,,,45,45,,,,,36,On Grade & Separated Right-of-Way,Yes,Yes,Yes,Yes,Yes,No,Yes,707,No,16,0,0,152,152,100%,0.57,,7.21875,89.1411,6,2,1 Inverted U; 1 Bicycle Shaped,10,2,Yes,W1 - Industrial Park,http://www.aacounty.org/PlanZone/Zoning/ZoningClassifications.cfm#.VCLVo5RdWX0,,0,14,9,11,0,2,0,0,,,"(39.170873, -76.632466)"
Ferndale,21,Ferndale,Light Rail,No,Anne Arundel County,Urban Neighborhood,199270,Neighborhood,4,2,5,1,2,1,4,1,1,,,,,,,,95.04,95.04,,,,,,,,,,,45,45,,,,,36,On Grade & Separated Right-of-Way,Yes,Yes,Yes,Yes,Yes,No,No,0,No,0,0,0,0,,,0,,0,127.344,3,2,2 Inverted U,0,,No,R5 - Residential 5 dwellings per acre,http://www.aacounty.org/PlanZone/Zoning/ZoningClassifications.cfm#.VCLVo5RdWX0,,0,29,90,104,0,11,0,0,,,"(39.185065, -76.641746)"
Linthicum,22,Linthicum,Light Rail,No,Anne Arundel County,Urban Neighborhood,201438,Walk-up,3,3,4,4,2,3,4,1,1,,,,,,,,453.03,453.03,,,,,,,,,,,90,90,,,,,72,On Grade & Separated Right-of-Way,Yes,Yes,Yes,Yes,Yes,No,Yes,0,No,0,0,0,0,,,0,,0,105.696,3,2,2 Inverted U,0,,Yes,C1   R5 - Residential 5 dwellings per acre,http://www.aacounty.org/PlanZone/Zoning/ZoningClassifications.cfm#.VCLVo5RdWX0,,1,29,43,46,0,2,0,0,,,"(39.202492, -76.655314)"
North Linthicum,23,North Linthicum,Light Rail,No,Anne Arundel County,"Town, Suburban, or Employment Center",215086,Anchor,3,3,5,1,2,1,4,1,1,,,,,,,,592.42,592.42,,,,,,,,,,,90,90,,,,,72,On Grade & Separated Right-of-Way,Yes,Yes,Yes,Yes,Yes,No,Yes,335,No,11,0,0,265,267,101%,0.51,,3.420482673,76.4066,3,2,2 Inverted U,0,,No,R5 - Residential 5 dwellings per acre,http://www.aacounty.org/PlanZone/Zoning/ZoningClassifications.cfm#.VCLVo5RdWX0,,0,16,81,90,0,8,0,0,,,"(39.215204, -76.645714)"
Nursery Road,24,Nursery Road,Light Rail,No,Anne Arundel County,"Town, Suburban, or Employment Center",230560,Anchor,3,3,1,2,2,1,2,1,2,Local Bus,17,17,,,,,437.19,437.19,,,,,,,,,,,90,90,,,,,72,On Grade & Separated Right-of-Way,Yes,Yes,Yes,Yes,Yes,No,Yes,33,No,2,0,0,32,26,80%,0.07,,0.336943069,61.1253,3,0,N/A,0,,Yes,R5 &  OS - Open Space,http://www.aacounty.org/PlanZone/Zoning/ZoningClassifications.cfm#.VCLVo5RdWX0,,0,18,30,33,0,1,0,0,,,"(39.221146, -76.64229)"
Baltimore Highlands,25,Baltimore Highlands,Light Rail,No,Baltimore County,Urban Neighborhood,321577,Neighborhood,3,3,4,1,2,1,2,1,1,,,,,,,,275.62,275.62,,,,,,,,,,,90,90,,,,,72,On Grade & Separated Right-of-Way,Yes,Yes,Yes,Yes,Yes,No,Yes,27,No,3,0,0,20,24,118%,0.09,,0.275680693,62.3988,3,2,2 Inverted U,0,,No,DR-5.5 Residential,http://www.baltimorecountymd.gov/Agencies/planning/zoning/classifications.html,,0,11,30,33,0,1,0,0,,,"(39.234546, -76.633426)"
Patapsco,26,Patapsco,Light Rail,No,Baltimore County,"Town, Suburban, or Employment Center",372674,Anchor,3,1,1,2,2,1,2,1,2,Local Bus,"014, 016, 017, 051, 077","14, 16, 17, 51, 77",,,,,1219.7,1219.7,,,,,,,,,,,90,90,,,,,72,On Grade & Separated Right-of-Way,No,Yes,Yes,Yes,Yes,No,No,164,No,3,0,0,93,89,96%,0.12,,1.674504951,71.3129,3,2,2 Inverted U,0,,Yes,DR-5.5 Residential,http://www.baltimorecountymd.gov/Agencies/planning/zoning/classifications.html,,0,8,27,27,0,1,0,0,,,"(39.241924, -76.630071)"
Cherry Hill,27,Cherry Hill,Light Rail,No,Baltimore City,Urban Neighborhood,432625,Neighborhood,3,3,3,3,3,5,1,1,2,Local Bus,"027, 029, 051","27, 29, 51",,,,,677.96,677.96,,,,,,,,,,,90,90,,,,,72,On Grade & Separated Right-of-Way,Yes,Yes,Yes,Yes,Yes,No,Yes,0,No,0,0,0,0,,,0,,0,61.1253,5,2,2 Inverted U,0,,No,I-2 TOD-4 Transit Oriented Development,http://cityview.baltimorecity.gov/,,0,5,0,0,0,2,0,0,,,"(39.25728, -76.633481)"
Westport,28,Westport,Light Rail,Yes,Baltimore City,Urban Neighborhood,459602,Neighborhood,3,2,5,5,3,5,1,1,2,Local Bus,"027, 051","27, 51",,,,,617.77,617.77,,,,,,,,,,,90,90,,,,,72,On Grade & Separated Right-of-Way,Yes,Yes,Yes,Yes,Yes,No,No,0,No,0,0,0,0,,,0,,0,67.4925,6,0,N/A,0,,Yes,I-2 TOD-4 Transit Oriented Development,http://cityview.baltimorecity.gov/,Master Plans\Baltimore Light Rail\Wesport\WestportMtWinansLakelandMP2005.pdf,0,10,0,0,0,5,0,0,,,"(39.263552, -76.630366)"
Hamburg Street,29,Hamburg Street,Light Rail,No,Baltimore City,Downtown,534100,Walk-up,3,1,1,3,4,5,5,1,1,,,,,,,,240.77,240.77,,,,,,,,,,,90,90,,,,,72,On Grade & Separated Right-of-Way,Yes,Yes,Yes,Yes,No,No,No,0,No,0,0,0,0,,,0,,0,266.15,6,0,N/A,0,,No,I-2   C-5 Downtown Commercial,http://cityview.baltimorecity.gov/,,81,178,34,47,0,7,2,115,,,"(39.279035, -76.619831)"
Pratt Street/Convention Center,30,Pratt Street/Convention Center,Light Rail,No,Baltimore City,Downtown,556292,Walk-up,3,1,2,3,5,5,4,2,4,Local Bus; Express Bus; Commuter Bus,"007, 019, 027, 035, 120, 160, 320, 410, 411, 412, 420","7, 19, 27, 35, 120, 160, 320, 410, 411, 412, 420",,,,,1032.78,1032.78,,,,,,,,,,,114,114,,,,,108,On Grade & Separated Right-of-Way,No,Yes,Yes,Yes,Yes,No,No,0,No,0,0,0,0,,,0,,0,296.712,7,0,N/A,0,,No,C-5 Downtown Commercial,http://cityview.baltimorecity.gov/,,1189,110,13,643,0,29,0,0,,,"(39.286178, -76.619568)"
Baltimore St./1st Mariner Arena,31,Baltimore St./1st Mariner Arena,Light Rail,No,Baltimore City,Downtown,565504,Walk-up,3,1,5,4,5,5,4,2,5,Local Bus; Express Bus; Quick Bus; Commuter Bus,"001, 005, 008, 010, 019, 020, 027, 030, 036, 040, 046, 048, 091, 120, 150, 310, 311, 320","1, 5, 8, 10, 19, 20, 27, 30, 36, 40, 46, 48, 91, 120, 150, 310, 311, 320",,,,,2261.98,2261.98,,,,,,,,,,,114,114,,,,,108,On Grade & In Street Right-of-Way,Yes,Yes,Yes,Yes,No,No,No,0,No,0,0,0,0,,,0,,0,336.189,10,0,N/A,0,,Yes,C-5 Downtown Commercial,http://cityview.baltimorecity.gov/,,1785,124,13,643,0,38,0,0,,,"(39.28963, -76.619904)"
Lexington Street,32,Lexington Street,Light Rail,No,Baltimore City,Downtown,574546,Walk-up,3,1,1,3,5,5,5,2,6,Local Bus; Express Bus; Quick Bus; Commuter Bus; Metro,"005, 015, 019, 023, 027, 036, 040, 046, 048, 091, 150, 320","5, 15, 19, 23, 27, 36, 40, 46, 48, 91, 150, 320",,,,,3117.36,3117.36,,,,,,,,,,,114,114,,,,,108,On Grade & In Street Right-of-Way,No,Yes,Yes,Yes,Yes,No,No,0,No,0,0,0,0,,,0,,0,369.299,10,0,N/A,0,,No,C-5 Downtown Commercial,http://cityview.baltimorecity.gov/,,1825,138,16,725,0,34,0,0,,,"(39.291398, -76.620005)"
Centre Street,33,Centre Street,Light Rail,No,Baltimore City,Downtown,586468,Walk-up,3,1,4,4,5,5,5,2,2,Local Bus,"019, 027","19, 27",,,,,462.53,462.53,,,,,,,,,,,114,114,,,,,108,On Grade & In Street Right-of-Way,No,Yes,Yes,Yes,Yes,No,No,0,No,0,0,0,0,,,0,,0,373.119,8,0,N/A,0,,Yes,"OR-2 Office, Residential",http://cityview.baltimorecity.gov/,,951,207,15,311,697,20,0,0,,,"(39.296338, -76.620252)"
Cultural Center/State Center,34,Cultural Center/State Center,Light Rail,Yes,Baltimore City,Downtown,599830,Walk-up,3,2,3,4,5,5,5,2,4,Local Bus; Commuter Bus; Metro,"019, 021, 027, 410","19, 21, 27, 410",,,,,747.66,747.66,,,,,,,,,,,114,114,,,,,108,On Grade & Separated Right-of-Way,No,Yes,Yes,Yes,Yes,No,Yes,0,No,0,0,0,0,,,0,,0,342.556,9,0,N/A,0,,No,TOD -4 Transit Oriented Development,http://cityview.baltimorecity.gov/,Master Plans\Baltimore Metro\State Center\State_CenterTODDevelopmentStrategy2005.pdf,291,246,30,595,306,8,1,280,,,"(39.303238, -76.620635)"
Mount Royal/University of Baltimore,35,Mount Royal/University of Baltimore,Light Rail,No,Baltimore City,Downtown,609062,Walk-up,3,5,2,4,5,5,5,2,1,,27,27,,,,,719.15,719.15,,,,,,,,,,,114,114,,,,,108,On Grade & Separated Right-of-Way,Yes,Yes,Yes,Yes,Yes,Yes,Yes,0,No,0,0,0,0,,,0,,0,331.095,8,2,2 Inverted U,0,,Yes,I-2 TOD-4 Transit Oriented Development,http://cityview.baltimorecity.gov/,,183,205,38,524,233,9,1,280,,,"(39.307005, -76.620518)"
North Avenue,36,North Avenue,Light Rail,No,Baltimore City,Urban Neighborhood,612599,Neighborhood,3,3,1,4,4,5,5,1,2,Local Bus,13,13,,,,,953.58,953.58,,,,,,,,,,,90,90,,,,,72,On Grade & Separated Right-of-Way,Yes,Yes,Yes,Yes,Yes,No,Yes,36,No,2,0,0,36,32,89%,0.03,,0.367574257,245.775,6,2,2 Inverted U,0,,Yes,I-2 Industrial,http://cityview.baltimorecity.gov/,,23,186,30,305,159,6,1,280,,,"(39.311325, -76.622502)"
Woodberry,37,Woodberry,Light Rail,No,Baltimore City,Urban Neighborhood,157509,Neighborhood,3,3,3,3,3,5,4,1,3,Local Bus; Neighborhood Shuttle,"022, 098","22, 98",,,,,392.84,392.84,,,,,,,,,,,90,90,,,,,72,On Grade & Separated Right-of-Way,Yes,Yes,Yes,Yes,Yes,No,Yes,0,No,0,0,0,0,,,0,,0,105.696,4,3,3 Swerve,0,,No,I-2 Industrial,http://cityview.baltimorecity.gov/,,87,34,92,93,0,11,0,0,,,"(39.331573, -76.643693)"
Cold Spring Lane,38,Cold Spring Lane,Light Rail,No,Baltimore City,Urban Neighborhood,592208,Neighborhood,3,2,5,4,3,5,1,1,2,Local Bus,"033, 038","33, 38",,,,,601.93,601.93,,,,,,,,,,,90,90,,,,,72,On Grade & Separated Right-of-Way,Yes,Yes,Yes,Yes,Yes,No,No,0,No,0,0,0,0,,,0,,0,45.844,4,0,N/A,0,,Yes,I-2 TOD-2 Transit Oriented Development,http://cityview.baltimorecity.gov/,,0,9,2,2,0,4,0,0,,,"(39.344278, -76.648494)"
Mount Washington,39,Mount Washington,Light Rail,No,Baltimore City,Urban Neighborhood,460390,Neighborhood,3,2,1,3,4,5,3,1,2,Local Bus,"027, 044, 058, 060","27, 44, 58, 60",,,,,430.85,430.85,,,,,,,,,,,90,90,,,,,72,On Grade & Separated Right-of-Way,Yes,Yes,Yes,Yes,Yes,No,No,79,No,6,2,0,75,73,97%,0.16,,0.806621287,87.8676,7,3,2 Swerve; 1 Bicycle Shaped,0,,No,"I-2  OR-2 Office, Residential",http://cityview.baltimorecity.gov/,,0,48,18,41,0,2,0,0,,,"(39.36831, -76.652334)"
Falls Road,40,Falls Road,Light Rail,No,Baltimore County,Urban Neighborhood,430950,Neighborhood,3,3,1,3,1,2,3,1,2,Local Bus,60,60,,,,,421.35,421.35,,,,,,,,,,,90,90,,,,,72,On Grade & Separated Right-of-Way,Yes,Yes,Yes,Yes,Yes,No,Yes,197,No,6,2,0,141,107,76%,0.42,,2.01144802,38.2033,2,0,N/A,8,4,Yes,"ML  Light Manufacturing, Office",http://www.baltimorecountymd.gov/Agencies/planning/zoning/classifications.html,,0,35,31,56,0,2,0,0,,,"(39.376398, -76.649369)"
Lutherville,41,Lutherville,Light Rail,No,Baltimore County,"Town, Suburban, or Employment Center",191933,Anchor,3,3,1,1,4,2,2,1,2,Local Bus,"008, 009","8, 9",,,,,807.85,807.85,,,,,,,,,,,90,90,,,,,72,On Grade & Separated Right-of-Way,Yes,Yes,Yes,Yes,Yes,No,Yes,341,No,15,0,0,212,236,111%,0.38,,3.48174505,70.0394,6,2,2 Inverted U,0,,No,DR-3.5 Low Density Resid.; RO - Office,http://www.baltimorecountymd.gov/Agencies/planning/zoning/classifications.html,,0,35,6,6,0,5,0,0,,,"(39.428958, -76.625619)"
Timonium Business Park,42,Timonium Business Park,Light Rail,No,Baltimore County,"Town, Suburban, or Employment Center",172673,Anchor,3,3,4,4,4,3,3,1,1,,,,,,,,316.8,316.8,,,,,,,,,,,90,90,,,,,72,On Grade & Separated Right-of-Way,Yes,Yes,Yes,Yes,Yes,No,Yes,0,No,0,0,0,0,,,0,,0,63.6722,6,2,2 Inverted U,0,,Yes,"ML-IM Light Manufacturing, Office",http://www.baltimorecountymd.gov/Agencies/planning/zoning/classifications.html,,0,21,25,25,0,12,0,0,,,"(39.439854, -76.63104)"
Timonium Fairgrounds,43,Timonium Fairgrounds,Light Rail,No,Baltimore County,"Town, Suburban, or Employment Center",129973,Anchor,3,3,4,1,2,3,2,1,2,Local Bus,9,9,,,,,982.09,982.09,,,,,,,,,,,90,90,,,,,72,On Grade & Separated Right-of-Way,Yes,Yes,Yes,Yes,Yes,No,Yes,769,No,17,0,0,310,282,91%,0.7,,7.851794555,58.5784,3,0,N/A,14,3,No,"ML-IM Light Manufacturing, Office",http://www.baltimorecountymd.gov/Agencies/planning/zoning/classifications.html,,0,14,10,10,0,6,0,0,,,"(39.450191, -76.63687)"
Warren Road,44,Warren Road,Light Rail,No,Baltimore County,"Town, Suburban, or Employment Center",85777,Anchor,4,2,1,4,1,3,1,1,2,Local Bus,9,9,,,,,281.96,281.96,,,,,,,,,,,72,72,,,,,72,On Grade & Separated Right-of-Way,Yes,Yes,No,Yes,Yes,No,Yes,341,No,8,0,0,43,39,91%,1.08,,3.48174505,16.5548,2,0,N/A,0,,Yes,"ML-IM Light Manufacturing, Office",http://www.baltimorecountymd.gov/Agencies/planning/zoning/classifications.html,,0,3,0,0,0,4,0,0,,,"(39.475048, -76.653073)"
Gilroy Road,45,Gilroy Road,Light Rail,No,Baltimore County,"Town, Suburban, or Employment Center",76318,Anchor,4,2,3,1,1,3,2,1,1,,,,,,,,228.1,228.1,,,,,,,,,,,72,72,,,,,72,On Grade & Separated Right-of-Way,Yes,Yes,Yes,Yes,Yes,No,No,0,No,0,0,0,0,,,0,,0,12.7344,1,0,N/A,0,,No,"ML-IM Light Manufacturing, Office",http://www.baltimorecountymd.gov/Agencies/planning/zoning/classifications.html,,0,13,3,2,0,10,0,0,,,"(39.481499, -76.662011)"
McCormick Road,46,McCormick Road,Light Rail,No,Baltimore County,"Town, Suburban, or Employment Center",73036,Anchor,4,2,4,4,2,3,2,1,2,Local Bus,9,9,,,,,443.53,443.53,,,,,,,,,,,72,72,,,,,72,On Grade & Separated Right-of-Way,Yes,Yes,Yes,Yes,Yes,No,No,0,No,0,0,0,0,,,0,,0,14.0079,4,0,N/A,0,,Yes,"ML-IM Light Manufacturing, Office",http://www.baltimorecountymd.gov/Agencies/planning/zoning/classifications.html,,0,1,2,2,0,12,0,0,,,"(39.489245, -76.659389)"
Pepper Road,47,Pepper Road,Light Rail,No,Baltimore County,"Town, Suburban, or Employment Center",72184,Anchor,4,3,5,1,1,3,1,1,1,,,,,,,,161.57,161.57,,,,,,,,,,,72,72,,,,,72,On Grade & Separated Right-of-Way,Yes,Yes,Yes,Yes,Yes,No,Yes,0,No,0,0,0,0,,,0,,0,22.922,1,0,N/A,0,,No,"ML-IM Light Manufacturing, Office",http://www.baltimorecountymd.gov/Agencies/planning/zoning/classifications.html,,0,3,0,0,0,24,0,0,,,"(39.492057, -76.655971)"
Hunt Valley,48,Hunt Valley,Light Rail,No,Baltimore County,"Town, Suburban, or Employment Center",69912,Regional,4,2,5,4,2,4,1,1,2,Local Bus,9,9,,,,,744.49,744.49,,,,,,,,,,,72,72,,,,,72,On Grade & Separated Right-of-Way,Yes,Yes,Yes,Yes,Yes,No,No,145,No,5,0,0,31,32,102%,0.17,,1.480507426,19.1017,5,0,N/A,0,,Yes,BM-CT Town Center,http://www.baltimorecountymd.gov/Agencies/planning/zoning/classifications.html,,0,2,0,0,0,16,0,0,,,"(39.495752, -76.655953)"
Perryville,49,Perryville,MARC: Penn Line,No,City of Perryville,"Town, Suburban, or Employment Center",28554,Regional,1,3,1,4,1,3,1,1,1,,,,153.67,,,,,153.67,,,,,,,,,,,,,0,,,,,Grade Separated,Yes,Yes,Yes,Yes,Yes,Yes,No,168,No,14,0,0,165,170,103%,1.080385852,,0.430429641,50.9378,2,1,1 BR-Wheel Bender Combo,0,,Yes,TC Town Center Mixed Use,http://www.ccgov.org/uploads/PlanningAndZoning/General/ZoningOrdinance_2011.pdf,,,,,,,,,,626,793,"(39.5573, -76.0758)"
Aberdeen,50,Aberdeen,MARC: Penn Line,Yes,Harford County,"Town, Suburban, or Employment Center",46940,Anchor,1,3,5,5,2,4,3,1,3,Commuter Bus: County Transit,420,420,204.58,,,,,204.58,,,,,,,,,,,,,0,,,,,Grade Separated,Yes,Yes,Yes,Yes,Yes,Yes,No,279,No,8,0,0,284,279,98%,1.489323843,,0.714820654,178.282,2,3,2 Hanger; 1 BR-Wheel Bender Combo,0,,Yes,Adopted Master Plan - form based zoning pending,http://www.harfordcountymd.gov/planningzoning/,Master Plans\MARC\Aberdeen\Final_Master Plan_Aberdeen_Report.pdf,0,14,82,106,0,4,0,0,,,"(39.5092, -76.163)"
Edgewood,51,Edgewood,MARC: Penn Line,No,Harford County,Village Center or Rural Town,81133,Regional,1,3,4,1,2,3,1,1,2,County Transit,,,301.33,,,,,301.33,,,,,,,,,,,,,0,,,,,Grade Separated,Yes,Yes,Yes,Yes,Yes,Yes,No,334,No,14,0,0,261,248,95%,1.39895288,,0.85573512,31.8361,3,1,1 Wave,0,,No,CI Commercial Industrial,http://www.harfordcountymd.gov/planningzoning/,,0,2,4,4,0,2,0,0,,,"(39.415897, -76.293039)"
Martin State Airport,52,Martin State Airport,MARC: Penn Line,No,Baltimore County,"Town, Suburban, or Employment Center",135189,Anchor,2,3,2,2,1,4,1,1,3,Local Bus; Express Bus,"024, 160","24, 160",391.83,,,,,391.83,,,,,,,,,,,,,3,,,,,Grade Separated,Yes,Yes,Yes,Yes,Yes,Yes,No,348,No,6,0,0,290,316,109%,1.012118274,,0.891604257,33.1095,1,0,N/A,10,1,No,"BM-CT high density commercial, residential",http://www.baltimorecountymd.gov/Agencies/planning/zoning/classifications.html,,0,1,1,1,0,2,0,0,,,"(39.338027, -76.421235)"
West Baltimore,53,West Baltimore,MARC: Penn Line,No,Baltimore City,Urban Neighborhood,572849,Neighborhood,2,1,3,4,4,5,2,1,4,Local Bus; Express Bus; Quick Bus,"015, 023, 040, 047, 051, 150","15, 23, 40, 47, 51, 150",750.58,,,,,750.58,,,,,,,,,,,,,9,,,,,Grade Separated,Yes,Yes,No,Yes,Yes,No,No,323,No,11,0,0,333,316,95%,0.446698168,,0.827552227,276.337,6,1,1 BR-Wheel Bender Combo,0,,Yes,TOD-2 & TOD- 4 proposed zoning,http://cityview.baltimorecity.gov/,,5,30,0,0,0,3,0,0,,,"(39.293192, -76.65394)"
Halethorpe,54,Halethorpe,MARC: Penn Line,No,Baltimore County,"Town, Suburban, or Employment Center",282770,Anchor,2,3,4,1,2,2,3,1,2,Local Bus,"036, 077","36, 77",1418.75,,,,,1418.75,,,,,,,,,,,,,9,,,,,Grade Separated,Yes,Yes,Yes,Yes,Yes,Yes,No,795,No,44,0,0,699,1075,154%,0.619601221,,2.036854553,118.43,3,1,1 BR-Wheel Bender Combo,6,5,No,ML - Manufacturing Light,http://www.baltimorecountymd.gov/Agencies/planning/zoning/classifications.html,,0,31,25,40,0,0,0,0,,,"(39.23798, -76.691915)"
BWI Rail Station,55,BWI Rail Station,MARC: Penn Line,No,Anne Arundel County,"Town, Suburban, or Employment Center",183449,Regional,3,5,3,1,1,1,1,1,4,Local Bus; Commuter Bus; WMATA Metrobus,"017, 201, B30","17, 201, B30",1889.08,,,,,1889.08,,,,,,,,,,,,,9,,,,,Grade Separated,Yes,Yes,Yes,Yes,Yes,Yes,Yes,0,Yes,0,5,5,975,2286,234%,0,,0,2.54689,2,0,N/A,20,14,No,R-1 residential ( 1 house per acre),http://www.aacounty.org/PlanZone/Zoning/ZoningClassifications.cfm#.VCLVo5RdWX0,,0,0,0,0,0,1,0,0,,,"(39.191845, -76.694816)"
Odenton,57,Odenton,MARC: Penn Line,Yes,Anne Arundel County,"Town, Suburban, or Employment Center",133367,Anchor,3,5,5,4,1,3,5,1,2,Local Transit,,,2815.58,,,,,2815.58,,,,,,,,,,,,,9,,,,,Grade Separated,Yes,Yes,Yes,Yes,Yes,Yes,Yes,1920,No,56,2,0,1769,1865,105%,0.80511584,,4.919195901,52.2112,2,4,2 BR-Wheel Bender Combo; 1 Hanger; 1 Wave,10,8,Yes,Adopted OTC Master Plan & Resolution 48-11 ,http://www.aacounty.org/PlanZone/Zoning/ZoningClassifications.cfm#.VCLVo5RdWX0,Master Plans\MARC\Odenton\OdentonTC_2009.pdf,0,24,124,736,0,9,1,235,,,"(39.087389, -76.706361)"
Bowie State,58,Bowie State,MARC: Penn Line,No,Prince Georges County,"Town, Suburban, or Employment Center",118615,Anchor,3,1,4,1,1,2,1,1,2,WMATA Metrobus,"B21, B22, B24, B25, B27","B21, B22, B24, B25, B27",652.17,,,,,652.17,,,,,,,,,,,,,9,,,,,Grade Separated,Yes,Yes,No,Yes,Yes,No,No,618,No,14,0,0,415,496,120%,0.992771084,,1.583366181,5.09378,3,6,2 Inverted U; 4 Other,0,,Yes,"MARC Station Sector Plan, OS Open Space",http://lis.princegeorgescountymd.gov/default.asp?File=&Type=TOC,,,,,,,,,,67,55,"(39.017467, -76.766158)"
Seabrook,59,Seabrook,MARC: Penn Line,No,Prince Georges County,"Town, Suburban, or Employment Center",231434,Anchor,2,2,4,1,2,3,1,1,2,WMATA Bus,B27,B27,431.08,,,,,431.08,,,,,,,,,,,,,0,,,,,Grade Separated,Yes,Yes,No,Yes,Yes,Yes,No,257,No,10,0,0,239,284,119%,0.628105906,,0.658454868,92.9614,3,3,2 Inverted U; 1 Wave,10,10,No,"C-M, C-A, C-S-C, R-80",http://lis.princegeorgescountymd.gov/default.asp?File=&Type=TOC,,,,,,,,,,1229,226,"(38.9725, -76.8443)"
New Carrollton,60,New Carrollton,MARC: Penn Line,Yes,Prince Georges County,"Town, Suburban, or Employment Center",301688,Anchor,3,3,3,5,2,4,1,1,4,WMATA Metrobus; Local Transit; Amtrak,WMATA Metrobus New Carrollton Routes,WMATA Metrobus New Carrollton Routes,960.33,,,,,960.33,,,,,,,,,,,,,9,,,,,Grade Separated,Yes,Yes,Yes,Yes,Yes,Yes,No,0,Yes,0,0,0,0,,,0,,0,62.3988,2,35,12 Inverted U; 23 Thick Inverted U,8,,Yes,M-X-T,http://lis.princegeorgescountymd.gov/default.asp?File=&Type=TOC,,,,,,,,,,749,42,"(38.9482, -76.8717)"
St. Denis,63,St. Denis,MARC: Camden Line,No,Baltimore County,"Town, Suburban, or Employment Center",225363,Anchor,1,1,1,1,2,2,2,1,1,,,,,17.17,,,,17.17,,,,,,,,,,,,,,,,,,On Grade,No,No,No,Yes,Yes,No,No,32,No,2,0,0,18,7,41%,3.52293578,,0.138473643,43.2971,3,0,N/A,0,,No,"Residential, Industrial",http://www.baltimorecountymd.gov/Agencies/planning/zoning/classifications.html,,0,11,11,11,0,3,0,0,,,"(39.223981, -76.705293)"
Dorsey,64,Dorsey,MARC: Camden Line,No,Howard County,"Town, Suburban, or Employment Center",145241,Anchor,2,5,2,1,1,4,4,1,3,Commuter Bus; Local Transit,201,201,,581,,,,581,,,,,,,,,,,,,,,,,,On Grade,Yes,Yes,Yes,Yes,Yes,Yes,Yes,842,No,18,2,0,594,507,85%,1.802033173,,3.643587726,30.5627,1,2,2 Wave,10,2,Yes,TOD zone ,,,0,6,471,646,0,21,0,0,,,"(39.181036, -76.745809)"
Jessup,65,Jessup,MARC: Camden Line,No,Anne Arundel County,"Town, Suburban, or Employment Center",175470,Anchor,1,1,1,1,1,2,1,1,1,,,,,0.58,,,,0.58,,,,,,,,,,,,,,,,,,On Grade,No,No,No,Yes,No,No,No,32,No,0,0,0,7,13,181%,48,,0.138473643,12.7344,1,0,N/A,0,,No,W3 Heavy Industrial,,,0,1,0,0,0,8,0,0,,,"(39.151613, -76.776967)"
Savage,66,Savage,MARC: Camden Line,Yes,Howard County,"Town, Suburban, or Employment Center",174932,Anchor,2,2,5,4,1,5,1,1,3,Commuter Bus; Local Transit,202,202,,361.58,,,,361.58,,,,,,,,,,,,,,,,,,On Grade,Yes,No,Yes,Yes,Yes,Yes,No,363,No,30,0,0,348,247,71%,0.975806452,,1.570810386,17.8282,1,1,1 Wave,0,,Yes,TOD zoned (Savage Towne Center),,Master Plans\MARC\Laurel Mainstreet\US1Manual_AdoptedJuly2009.pdf,0,0,0,0,0,15,0,0,,,"(39.122483, -76.796936)"
Laurel Racetrack,67,Laurel Racetrack,MARC: Camden Line,No,Howard County,Village Center or Rural Town,143527,Regional,,,,,,,,,,,,,,,,,,,,,,,,,,,,,,,,,,,,,,,,,,,,,,,,,,,,,,,,,,,,,,,,,,,,,,,,,31,25,"(39.105772, -76.832922)"
Laurel Mainstreet,68,Laurel Mainstreet,MARC: Camden Line,Yes,City of Laurel,"Town, Suburban, or Employment Center",147126,Anchor,2,2,5,4,2,5,1,1,2,Local Transit,,,,678.75,,,,678.75,,,,,,,,,,,,,,,,,,Grade Separated,Yes,Yes,No,Yes,Yes,Yes,No,470,No,14,0,0,443,497,112%,0.843175363,,2.033831629,85.3208,3,8,8 Inverted U,10,6,Yes,Municipal density,http://lis.princegeorgescountymd.gov/default.asp?File=&Type=TOC,Master Plans\MARC\Laurel Mainstreet\US1Manual_AdoptedJuly2009.pdf,,,,,,,,,566,159,"(39.101864, -76.841347)"
Muirkirk,69,Muirkirk,MARC: Camden Line,No,Prince Georges County,"Town, Suburban, or Employment Center",192427,Anchor,2,1,1,1,1,3,1,1,2,Commuter Bus,205,205,,355.25,,,,355.25,,,,,,,,,,,,,,,,,,On Grade,Yes,Yes,No,Yes,Yes,No,No,667,No,15,0,0,209,251,120%,2.056526208,,2.886309992,35.6564,2,0,N/A,8,1,No,"I-2, E-I-A, I-3",http://lis.princegeorgescountymd.gov/default.asp?File=&Type=TOC,,,,,,,,,,405,1258,"(39.061914, -76.884555)"
Greenbelt,70,Greenbelt,MARC: Camden Line; WMATA Metro,Yes,Prince Georges County,Urban Neighborhood,347842,Neighborhood,1,1,4,4,4,4,1,1,3,WMATA Metrobus ; Local Transit,"B30, Greenbelt Metrobus Routes","B30, Greenbelt Metrobus Routes",,61.33,,,,61.33,,,,,,,,,,,,,,,,,,Grade Separated,Yes,Yes,No,Yes,Yes,No,No,0,Yes,0,0,0,3164,,0%,0,,0,72.5863,6,70,70 Inverted U,27,,No,"M-X-T, O-S, R-55",http://lis.princegeorgescountymd.gov/default.asp?File=&Type=TOC,,,,,,,,,,901,67,"(39.012607, -76.909667)"
College Park,71,College Park,MARC: Camden Line; WMATA Metro,No,City of College Park,"Town, Suburban, or Employment Center",368352,Anchor,2,1,3,4,3,5,1,1,4,Commuter Bus; WMATA Metrobus; Local Transit,"204, 205; WMATA Metrobus College Park Routes","204, 205; WMATA Metrobus College Park Routes",,165.92,,,,165.92,,,,,,,,,,,,,,,,,,On Grade,Yes,Yes,No,Yes,Yes,No,No,0,Yes,0,0,0,0,,,0,,0,115.883,3,40,40 Inverted U,20,,Yes,"M-X-T, T-D-O, C-S-C, I-1, R-55",,,,,,,,,,,887,147,"(38.977425, -76.928523)"
Riverdale,72,Riverdale,MARC: Camden Line,No,Prince Georges County,Urban Neighborhood,364380,Neighborhood,1,1,2,1,4,3,2,1,2,WMATA Metrobus,WMATA Metrobus College Park Routes,WMATA Metrobus College Park Routes,,59.33,,,,59.33,,,,,,,,,,,,,,,,,,On Grade,Yes,Yes,No,Yes,Yes,No,No,108,No,4,0,0,13,30,233%,2.07028754,,0.467348545,147.72,6,2,2 Other,1,,No,"M-U-TC, R-55",http://lis.princegeorgescountymd.gov/default.asp?File=&Type=TOC,,,,,,,,,,1729,1516,"(38.962534, -76.935106)"
Martinsburg,73,Martinsburg,MARC: Brunswick Line; Amtrak,No,West Virginia,,,,,,,,,,,,,,,,,,,,,,,,,,,,,,,,,,,,,,,,,,,,,,,,,,,,,,,,,,,,,,,,,,,,,,,,,,,,,,"(39.477293, -78.036142)"
Duffields,74,Duffields,MARC: Brunswick Line,No,West Virginia,,,,,,,,,,,,,,,,,,,,,,,,,,,,,,,,,,,,,,,,,,,,,,,,,,,,,,,,,,,,,,,,,,,,,,,,,,,,,,"(39.381549, -77.87435)"
Harpers Ferry,75,Harpers Ferry,MARC: Brunswick Line; Amtrak,No,"City of Harpers Ferry, WV",,,,1,1,4,1,1,1,1,,3,Local Transit; Amtrak,,,,,81.67,,,81.67,,,,,,,,,,,,,,,,,,,Yes,No,No,Yes,Yes,Yes,No,84,No,4,0,0,56,90,161%,1.011033099,,0.447469666,0,,1,1 Wave,0,,,,,,,,,,,,,,2,0,"(39.324205, -77.744302)"
Brunswick,76,Brunswick,MARC: Brunswick Line,No,City of Brunswick,Village Center or Rural Town,11322,Regional,1,3,4,4,2,3,1,1,2,Local Transit,,,,,556.5,,,556.5,,,,,,,,,,,,,,,,,,On Grade,Yes,Yes,Yes,Yes,Yes,Yes,No,626,No,20,0,0,490,445,91%,1.141121069,,3.334714413,141.352,3,2,2 BR-Wheel Bender Combo,0,,Yes,"I - 2, B - 2 ",https://www.brunswickmd.gov/zoning-ordinance/,,,,,,,,,,904,239,"(39.31171, -77.627859)"
Point of Rocks,77,Point of Rocks,MARC: Brunswick Line,No,Frederick County,Village Center or Rural Town,8424,Regional,1,1,5,1,1,1,1,1,2,Local Transit,,,,,409,,,409,,,,,,,,,,,,,,,,,,On Grade,Yes,Yes,No,Yes,Yes,No,No,499,No,15,0,0,489,341,70%,1.297508126,,2.658182894,39.4768,1,4,4 Other,0,,No,"Agriculture, community planning area",https://frederickcountymd.gov/index.aspx?NID=1409,,,,,,,,,,372,470,"(39.273341, -77.534029)"
Frederick,78,Frederick,MARC: Brunswick Line,No,City of Frederick,Downtown,110368,Regional,1,3,1,3,4,5,2,1,2,Local Transit,,,,,117.92,,,117.92,,,,,,,,,,,,,,,,,,On Grade,Yes,Yes,Yes,Yes,Yes,No,Yes,89,Yes,4,0,0,30,9,29%,0.857831325,,0.474104765,122.251,5,6,6 Other,0,,No,DB Downtown Business,http://www.cityoffrederick.com/DocumentCenter/Home/View/428,,,,,,,,,,1525,1575,"(39.411887, -77.405455)"
Monocacy,79,Monocacy,MARC: Brunswick Line,No,Frederick County,"Town, Suburban, or Employment Center",101546,Anchor,1,2,2,1,1,3,1,1,3,Commuter Bus; Local Transit,"204, 991","204, 991",,,219.25,,,219.25,,,,,,,,,,,,,,,,,,On Grade,Yes,Yes,Yes,Yes,Yes,No,No,791,No,23,0,0,485,597,123%,3.836701698,,4.213672684,34.383,3,10,10 Other,0,,No,"GC - General Commercial, MM - Minneral Mining",https://frederickcountymd.gov/index.aspx?NID=1409,,,,,,,,,,30,25,"(39.382008, -77.394624)"
Dickerson,80,Dickerson,MARC: Brunswick Line,No,Montgomery County,Village Center or Rural Town,5046,Regional,1,1,2,2,1,3,1,1,1,,,,,,26.75,,,26.75,,,,,,,,,,,,,,,,,,On Grade,Yes,Yes,No,No,No,No,No,16,No,0,0,0,14,17,121%,0.633663366,,0.085232317,11.461,1,0,N/A,0,,No,"Rural, R-200, C-1, I-1",http://www.montgomerycountymd.gov/mcg/countycode.html,,,,,,,,,,114,50,"(39.219889, -77.422477)"
Barnesville,81,Barnesville,MARC: Brunswick Line,No,Montgomery County,Village Center or Rural Town,11447,Regional,1,1,1,1,1,1,1,1,1,,,,,,87.92,,,87.92,,,,,,,,,,,,,,,,,,On Grade,Yes,Yes,No,Yes,No,No,Yes,73,No,2,0,0,66,69,105%,0.975501114,,0.388872448,3.82033,1,4,4 Inverted U,0,,No,"Rural RDT, I - 1 station only",http://www.montgomerycountymd.gov/mcg/countycode.html,,,,,,,,,,47,25,"(39.209548, -77.383015)"
Boyds,82,Boyds,MARC: Brunswick Line,No,Montgomery County,Village Center or Rural Town,111308,Regional,1,1,1,2,1,3,1,1,1,,,,,,18.33,,,18.33,,,,,,,,,,,,,,,,,,On Grade,Yes,Yes,No,Yes,Yes,No,No,16,No,0,0,0,13,12,90%,1.084745763,,0.085232317,5.09378,2,0,N/A,0,,No,"Rural, R-200, C-1, T-S, I-1",http://www.montgomerycountymd.gov/mcg/countycode.html,,,,,,,,,,87,105,"(39.184814, -77.316686)"
Germantown,83,Germantown,MARC: Brunswick Line,No,Montgomery County,"Town, Suburban, or Employment Center",216450,Anchor,2,1,4,2,2,4,3,1,2,Local Transit,,,,,913,,,913,,,,,,,,,,,,,,,,,,On Grade,No,No,Yes,Yes,Yes,No,Yes,672,No,22,0,0,667,683,102%,0.888399251,,3.579757325,57.305,4,4,2 Inverted U; 1 BR-Wheel Bender Combo; 1 Wave,0,,No,"TMX - 2 (north), CT, R-200, Historic District (south)",http://www.montgomerycountymd.gov/mcg/countycode.html,,,,,,,,,,1063,2937,"(39.173119, -77.270021)"
Metropolitan Grove,84,Metropolitan Grove,MARC: Brunswick Line,No,City of Gaithersburg,"Town, Suburban, or Employment Center",289266,Anchor,2,1,1,1,1,2,5,1,3,Commuter Bus; Local Transit,202,202,,,306.92,,,306.92,,,,,,,,,,,,,,,,,,On Grade,Yes,Yes,No,Yes,Yes,No,No,343,No,8,0,0,160,230,144%,1.079181961,,1.827167801,35.6564,2,3,1 Inverted U; 1 Wave; 1 Other,0,,No,RA - low density residential*,http://www.montgomerycountymd.gov/mcg/countycode.html,,,,,,,,,,716,6816,"(39.148887, -77.225078)"
Gaithersburg,85,Gaithersburg,MARC: Brunswick Line,No,City of Gaithersburg,Urban Neighborhood,282045,Neighborhood,2,2,3,3,3,5,1,1,2,Local Transit,,,,,585.33,,,585.33,,,,,,,,,,,,,,,,,,On Grade,Yes,No,Yes,Yes,Yes,Yes,No,0,No,0,0,0,370,,0%,0,,0,86.5942,5,0,N/A,0,,No,CBD - Historic (north side),http://www.montgomerycountymd.gov/mcg/countycode.html,,,,,,,,,,1150,561,"(39.141081, -77.193329)"
Washington Grove,86,Washington Grove,MARC: Brunswick Line; WMATA Metro,No,Montgomery County,Urban Neighborhood,281726,Neighborhood,1,1,3,2,2,3,1,1,2,Local Transit,,,,,47.92,,,47.92,,,,,,,,,,,,,,,,,,On Grade,Yes,Yes,No,Yes,Yes,No,No,27,No,0,0,0,25,32,129%,0.621880998,,0.143829535,75.1332,3,0,N/A,0,,No,"CT, I - 1",http://www.montgomerycountymd.gov/mcg/countycode.html,,,,,,,,,,849,603,"(39.136129, -77.178297)"
Rockville,87,Rockville,MARC: Brunswick Line; Amtrak,No,City of Rockville,"Town, Suburban, or Employment Center",316574,Anchor,2,1,5,4,5,5,2,1,3,WMATA Metrobus; Local Transit,WMATA Rockville Metrobus Routes,WMATA Rockville Metrobus Routes,,,584.33,,,584.33,,,,,,,,,,,,,,,,,,Grade Separated,Yes,No,Yes,Yes,Yes,No,No,0,Yes,0,0,0,500,,0%,0,,0,182.103,8,32,32 Inverted U,20,,Yes,"MXTD, high density; MXNC  low density east side tracks",http://www.montgomerycountymd.gov/mcg/countycode.html,,,,,,,,,,1919,1746,"(39.08459, -77.146842)"
Garrett Park,88,Garrett Park,MARC: Brunswick Line,No,Montgomery County,Urban Neighborhood,389820,Neighborhood,1,1,3,1,3,3,1,1,2,Local Transit,,,,,50.33,,,50.33,,,,,,,,,,,,,,,,,,On Grade,Yes,Yes,No,Yes,Yes,No,No,41,No,1,0,0,7,36,510%,0.923076923,,0.218407813,100.602,4,2,1 Bicycle Shaped; 1 Other,0,,No,C-1 station only,http://www.montgomerycountymd.gov/mcg/countycode.html,,,,,,,,,,1374,345,"(39.0388, -77.0935)"
Kensington,89,Kensington,MARC: Brunswick Line,No,Montgomery County,Urban Neighborhood,418254,Neighborhood,2,3,1,1,3,4,1,1,2,Local Transit,,,,,188.58,,,188.58,,,,,,,,,,,,,,,,,,On Grade,Yes,Yes,Yes,Yes,Yes,Yes,No,102,No,5,0,0,40,79,197%,0.623217923,,0.543356023,179.556,4,2,2 Thick Inverted U,0,,No,"CRT - 1.5, C - 1.5",http://www.montgomerycountymd.gov/mcg/countycode.html,,,,,,,,,,1520,575,"(39.027388, -77.072231)"
Silver Spring,90,Silver Spring,MARC: Brunswick Line; WMATA Metro,No,Montgomery County,"Town, Suburban, or Employment Center",391426,Anchor,2,1,1,4,5,5,5,1,4,Commuter Bus; WMATA Metrobus; Local Transit,"305, 315, 325, WMATA Metrobus Silver Spring Routes","305, 315, 325, WMATA Metrobus Silver Spring Routes",,,561.08,,,561.08,,,,,,,,,,,,,,,,,,Grade Separated,Yes,Yes,Yes,Yes,No,No,No,0,Yes,0,0,0,0,,,0,,0,163.001,11,0,N/A,0,,Yes,"CBD-2, CBD-3 high density mixed use",http://www.montgomerycountymd.gov/mcg/countycode.html,,,,,,,,,,2703,6958,"(38.989433, -77.027446)"
Branch Avenue,91,Branch Avenue,WMATA Metro,Yes,Prince George's County,,,,,,,,,,,,,,,,,,,,,,,,,,,,,,,,,,,,,,,,,,,,,,,,,,,,,,,,,,,,,,,,,,,,,,,,,,,,,,"(38.828703, -76.920177)"
Naylor Road,92,Naylor Road,WMATA Metro,Yes,Prince George's County,,,,,,,,,,,,,,,,,,,,,,,,,,,,,,,,,,,,,,,,,,,,,,,,,,,,,,,,,,,,,,,,,,,,,,,,,,,,,,"(38.8513, -76.956742)"
Shady Grove,93,Shady Grove,WMATA Metro,Yes,Montgomery County,,,,,,,,,,,,,,,,,,,,,,,,,,,,,,,,,,,,,,,,,,,,,,,,,,,,,,,,,,,,,,,,,,,,,,,,,,,,,,"(39.119828, -77.164441)"
Twinbrook,94,Twinbrook,WMATA Metro,Yes,Montgomery County,,,,,,,,,,,,,,,,,,,,,,,,,,,,,,,,,,,,,,,,,,,,,,,,,,,,,,,,,,,,,,,,,,,,,,,,,,,,,,"(39.061249, -77.119564)"
Wheaton,95,Wheaton,WMATA Metro,Yes,Montgomery County,,,,,,,,,,,,,,,,,,,,,,,,,,,,,,,,,,,,,,,,,,,,,,,,,,,,,,,,,,,,,,,,,,,,,,,,,,,,,,"(39.039413, -77.051233)"
White Flint,96,White Flint,WMATA Metro,Yes,Montgomery County,,,,,,,,,,,,,,,,,,,,,,,,,,,,,,,,,,,,,,,,,,,,,,,,,,,,,,,,,,,,,,,,,,,,,,,,,,,,,,"(39.048598, -77.11211)"
